Name,Icon Image,Photo Image,House Image,Species,Gender,Personality,Subtype,Hobby,Birthday,Catchphrase,Favorite Song,Favorite Saying,Style 1,Style 2,Color 1,Color 2,Filename
Admiral,,,,Bird,Male,Cranky,A,Nature,January 27,aye aye,Steep Hill,Only quitters give up.,Cool,Cool,Black,Blue,brd06
Agent S,,,,Squirrel,Female,Peppy,B,Fitness,July 2,sidekick,Go K.K. Rider,You gotta put the pedal to the metal!,Active,Simple,Blue,Black,squ05
Agnes,,,,Pig,Female,Big Sister,A,Play,April 21,snuffle,K.K. House,You reap what you sow.,Simple,Elegant,Pink,White,pig17
Al,,,,Gorilla,Male,Lazy,B,Fitness,October 18,ayyyeee,Go K.K. Rider,Life is a buffet. Always go back for seconds.,Active,Active,Red,White,gor08
Alfonso,,,,Alligator,Male,Lazy,B,Play,June 9,it'sa me,Forest Life,Slow and steady wins the race.,Simple,Simple,Red,Blue,crd00
Alice,,,,Koala,Female,Normal,B,Education,August 19,guvnor,Aloha K.K.,Treat others as you would like to be treated.,Cute,Cute,Red,Pink,kal01
Alli,,,,Alligator,Female,Snooty,B,Fashion,November 8,graaagh,K.K. Soul,Think before you act.,Gorgeous,Elegant,Yellow,Brown,crd01
Amelia,,,,Eagle,Female,Snooty,B,Music,November 19,cuz,K.K. Condor,"Pampering yourself is as important as food, water, and shelter!",Cool,Elegant,Black,White,pbr01
Anabelle,,,,Anteater,Female,Peppy,B,Fashion,February 16,snorty,Aloha K.K.,Dance like no one's watching!,Cute,Simple,Green,Blue,ant03
Anchovy,,,,Bird,Male,Lazy,B,Play,March 4,chuurp,K.K. Ragtime,Why do today what you can put off until tomorrow?,Simple,Simple,Colorful,Orange,brd02
Angus,,,,Bull,Male,Cranky,B,Fitness,April 30,macmoo,K.K. Calypso,Even strong bulls cry.,Cool,Cool,Red,Black,bul00
Anicotti,,,,Mouse,Female,Peppy,B,Fashion,February 24,cannoli,Neapolitan,The walls have ears.,Simple,Elegant,Red,Pink,mus10
Ankha,,,,Cat,Female,Snooty,B,Nature,September 22,me meow,K.K. Bazaar,All that glitters is not gold.,Gorgeous,Simple,Colorful,Brown,cat19
Annalisa,,,,Anteater,Female,Normal,A,Nature,February 6,gumdrop,King K.K.,Home is where the heart is.,Elegant,Gorgeous,Red,Pink,ant08
Annalise,,,,Horse,Female,Snooty,B,Fashion,December 2,nipper,Aloha K.K.,Let gossip go in one ear and out the other.,Elegant,Active,Blue,Purple,hrs09
Antonio,,,,Anteater,Male,Jock,B,Fitness,October 20,honk,K.K. Ragtime,Always go for the burn!,Simple,Simple,Aqua,Blue,ant01
Apollo,,,,Eagle,Male,Cranky,B,Music,July 4,pah,K.K. Rock,What goes up must come down.,Cool,Simple,Black,Black,pbr00
Apple,,,,Hamster,Female,Peppy,A,Play,September 24,cheekers,I Love You,One rotten apple spoils the barrel.,Cute,Simple,Colorful,Red,ham01
Astrid,,,,Kangaroo,Female,Snooty,B,Music,September 8,my pet,K.K. Gumbo,The apple doesn't fall far from the tree.,Cool,Active,Black,Colorful,kgr05
Audie,,,,Wolf,Female,Peppy,A,Fitness,August 31,foxtrot,K.K. Island,Be the kind of person your future self won't regret having been.,Cute,Active,Green,White,wol12
Aurora,,,,Penguin,Female,Normal,B,Education,January 27,b-b-baby,Stale Cupcakes,Always keep your cool.,Cute,Elegant,Pink,Red,pgn00
Ava,,,,Chicken,Female,Normal,B,Music,April 28,beaker,K.K. Love Song,"Early to bed, early to rise.",Elegant,Cute,Red,Gray,chn05
Avery,,,,Eagle,Male,Cranky,B,Music,February 22,skree-haw,K.K. Condor,What goes around comes around.,Simple,Gorgeous,Orange,Brown,pbr05
Axel,,,,Elephant,Male,Jock,B,Fitness,March 23,WHONK,K.K. Dixie,Do not compare a fly with an elephant.,Active,Simple,Green,White,elp06
Baabara,,,,Sheep,Female,Snooty,B,Fashion,March 28,daahling,K.K. Cruisin',Don't just follow the flock.,Gorgeous,Elegant,Purple,Blue,shp01
Bam,,,,Deer,Male,Jock,A,Play,November 7,kablang,K.K. Blues,Get while the getting's good.,Active,Simple,Green,Brown,der01
Bangle,,,,Tiger,Female,Peppy,B,Fashion,August 27,growf,K.K. Soul,Don't blink or you'll miss it.,Gorgeous,Cute,Yellow,Green,tig03
Barold,,,,Cub,Male,Lazy,A,Play,March 2,cubby,K.K. Song,Please DO feed the bears!,Simple,Cool,Yellow,Black,cbr16
Bea,,,,Dog,Female,Normal,A,Nature,October 15,bingo,Drivin',The perfect pair complements each other.,Simple,Cool,Aqua,Green,dog10
Beardo,,,,Bear,Male,Smug,A,Education,September 27,whiskers,K.K. Milonga,Fashion first!,Elegant,Elegant,Brown,Blue,bea13
Beau,,,,Deer,Male,Lazy,A,Nature,April 5,saltlick,Mountain Song,"You snooze, you lose.",Simple,Cute,Beige,Orange,der07
Becky,,,,Chicken,Female,Snooty,B,Music,December 9,chicklet,K.K. Chorale,A fool and his Bells are soon parted.,Gorgeous,Elegant,Purple,Pink,chn09
Bella,,,,Mouse,Female,Peppy,B,Music,December 28,eeks,K.K. Metal,A glamour shot is worth a thousand words.,Cool,Active,Black,Purple,mus02
Benedict,,,,Chicken,Male,Lazy,B,Play,October 10,uh-hoo,I Love You,Don't put all your eggs in one basket.,Simple,Simple,Blue,Purple,chn01
Benjamin,,,,Dog,Male,Lazy,A,Nature,August 3,alrighty,Mr. K.K.,A good dog deserves a good treat.,Simple,Simple,Red,White,dog16
Bertha,,,,Hippo,Female,Normal,B,Education,April 25,bloop,Two Days Ago,The best part of spring is the picnics!,Cute,Elegant,Pink,White,hip03
Bettina,,,,Mouse,Female,Normal,B,Education,June 12,eekers,Animal City,No time like the present!,Simple,Elegant,White,Red,mus15
Bianca,,,,Tiger,Female,Peppy,A,Play,December 13,glimmer,K.K. House,There is such a thing as love at first sight.,Cute,Cute,Pink,Orange,tig06
Biff,,,,Hippo,Male,Jock,B,Fitness,March 29,squirt,The K. Funk,Eighth place is just the seventh loser.,Gorgeous,Active,Black,Blue,hip04
Big Top,,,,Elephant,Male,Lazy,B,Play,October 3,villain,Go K.K. Rider,A big nose never spoiled a handsome face.,Simple,Active,Green,Green,elp02
Bill,,,,Duck,Male,Jock,A,Play,February 1,quacko,Imperial K.K.,"Even though there's no 'I' in team, there is a 'me'!",Active,Active,Blue,Purple,duk00
Billy,,,,Goat,Male,Jock,A,Play,March 25,dagnaabit,K.K. Song,Old dogs can learn new tricks.,Simple,Active,Blue,Purple,goa02
Biskit,,,,Dog,Male,Lazy,B,Play,May 13,dawg,K.K. Mambo,Let sleeping dogs lie.,Gorgeous,Simple,Purple,Colorful,dog03
Bitty,,,,Hippo,Female,Snooty,A,Education,October 6,my dear,K.K. Disco,Necessity is the mother of all invention.,Cute,Elegant,Pink,Orange,hip05
Blaire,,,,Squirrel,Female,Snooty,B,Fashion,July 3,nutlet,K.K. Bossa,Practice makes perfect.,Gorgeous,Elegant,Orange,Brown,squ01
Blanche,,,,Ostrich,Female,Snooty,A,Nature,December 21,quite so,K.K. Jongara,Nothing beats personal experience.,Elegant,Gorgeous,Black,Brown,ost08
Bluebear,,,,Cub,Female,Peppy,B,Fashion,June 24,peach,Only Me,Candy makes the world go 'round.,Cute,Simple,White,Blue,cbr00
Bob,,,,Cat,Male,Lazy,B,Play,January 1,pthhpth,Neapolitan,You only live once...or nine times.,Simple,Cute,Colorful,Red,cat00
Bonbon,,,,Rabbit,Female,Peppy,A,Play,March 3,deelish,Bubblegum K.K.,Hindsight is always 20/20.,Cute,Elegant,Aqua,Yellow,rbt17
Bones,,,,Dog,Male,Lazy,B,Play,August 4,yip yip,K.K. Étude,A snack a day keeps the vacuum away.,Simple,Cute,Beige,Brown,dog04
Boomer,,,,Penguin,Male,Lazy,B,Fitness,February 7,human,Farewell,Flying is believing.,Simple,Cool,Brown,Beige,pgn10
Boone,,,,Gorilla,Male,Jock,B,Fitness,September 12,baboom,Mountain Song,Never settle for second best.,Elegant,Cool,Colorful,Red,gor02
Boots,,,,Alligator,Male,Jock,A,Play,August 7,munchie,Wandering,Strength lies in muscles.,Gorgeous,Active,Colorful,Purple,crd02
Boris,,,,Pig,Male,Cranky,A,Nature,November 6,schnort,K.K. Oasis,Life's short. Eat chocolate.,Cool,Gorgeous,Purple,Black,pig09
Boyd,,,,Gorilla,Male,Cranky,A,Fitness,October 1,uh-oh,K.K. Groove,There's always time to take a second look.,Simple,Cool,Red,Black,gor05
Bree,,,,Mouse,Female,Snooty,B,Fashion,July 7,cheeseball,K.K. Bossa,The gift says more about the giver.,Elegant,Gorgeous,Black,Blue,mus03
Broccolo,,,,Mouse,Male,Lazy,B,Play,June 30,eat it,I Love You,One nap leads to another.,Simple,Cute,Colorful,Yellow,mus12
Broffina,,,,Chicken,Female,Snooty,A,Music,October 24,cluckadoo,K.K. Flamenco,Don't peck the hand that feeds you.,Gorgeous,Elegant,Black,Red,chn12
Bruce,,,,Deer,Male,Cranky,A,Nature,May 26,gruff,K.K. Blues,Nobody's perfect.,Cool,Simple,Black,Red,der03
Bubbles,,,,Hippo,Female,Peppy,B,Fashion,September 18,hipster,K.K. Stroll,It's best to keep your lips and purse sealed.,Active,Cute,Purple,Pink,hip02
Buck,,,,Horse,Male,Jock,B,Fitness,April 4,pardner,My Place,Keep your eyes on the prize.,Active,Simple,Gray,Brown,hrs00
Bud,,,,Lion,Male,Jock,B,Fitness,August 8,shredded,Aloha K.K.,You're not living unless you're sweating!,Active,Simple,Green,Yellow,lon00
Bunnie,,,,Rabbit,Female,Peppy,B,Fashion,May 9,tee-hee,Forest Life,"Hare today, gone tomorrow.",Cute,Cute,Green,Pink,rbt00
Butch,,,,Dog,Male,Cranky,B,Music,November 1,ROOOOOWF,K.K. Western,A house without either a cat or a dog is a sad house indeed.,Cool,Simple,Blue,Gray,dog01
Buzz,,,,Eagle,Male,Cranky,A,Nature,December 7,captain,Drivin',Pride'll put you in a pickle.,Simple,Active,Yellow,Red,pbr03
Cally,,,,Squirrel,Female,Normal,B,Nature,September 4,WHEE,K.K. Stroll,It's always teatime somewhere.,Cute,Elegant,Red,Green,squ11
Camofrog,,,,Frog,Male,Cranky,B,Music,June 5,ten-hut,K.K. Safari,What you can't see can't hurt you.,Cool,Active,Blue,White,flg03
Canberra,,,,Koala,Female,Big Sister,A,Play,May 14,nuh uh,K.K. Island,It's never too late to start over.,Active,Cool,Green,Aqua,kal08
Candi,,,,Mouse,Female,Peppy,A,Play,April 13,sweetie,Neapolitan,"The players may change, but the music stays the same.",Simple,Cute,Aqua,Yellow,mus08
Carmen,,,,Rabbit,Female,Peppy,B,Fashion,January 6,nougat,K.K. Stroll,Absence makes the heart grow fonder.,Elegant,Cute,Green,Beige,rbt16
Caroline,,,,Squirrel,Female,Normal,B,Music,July 15,hulaaaa,Pondering,New brooms sweep clean.,Cute,Gorgeous,Colorful,White,squ06
Carrie,,,,Kangaroo,Female,Normal,A,Nature,December 5,little one,I Love You,A mother's work is never done.,Cute,Cute,Red,Colorful,kgr02
Cashmere,,,,Sheep,Female,Snooty,A,Fashion,April 2,baaaby,Farewell,100% Wool.,Gorgeous,Elegant,Purple,Beige,shp04
Celia,,,,Eagle,Female,Normal,A,Nature,March 25,feathers,K.K. Soul,It's the thought that counts.,Elegant,Cute,Pink,Green,pbr09
Cesar,,,,Gorilla,Male,Cranky,B,Fitness,September 6,highness,K.K. Cruisin',"As soon as you can grow a mustache, do it.",Cool,Elegant,Blue,Aqua,gor00
Chadder,,,,Mouse,Male,Smug,A,Fitness,December 15,fromage,K.K. Soul,Meeting is just the start of us saying goodbye.,Elegant,Gorgeous,Black,Gray,mus18
Charlise,,,,Bear,Female,Big Sister,B,Fitness,April 17,urgh,Mr. K.K.,Actions speak louder than words.,Active,Cute,Red,Orange,bea12
Cheri,,,,Cub,Female,Peppy,B,Fashion,March 17,tralala,K.K. Disco,Good things come in small packages.,Simple,Cute,Yellow,Aqua,cbr10
Cherry,,,,Dog,Female,Big Sister,A,Music,May 11,what what,K.K. D&B,"One dog barks at something, the rest bark at him.",Cool,Elegant,Black,Purple,dog17
Chester,,,,Cub,Male,Lazy,B,Play,August 6,rookie,Imperial K.K.,Sleep early. Wake late.,Simple,Simple,Yellow,Green,cbr15
Chevre,,,,Goat,Female,Normal,B,Education,March 6,la baa,K.K. Chorale,"If you're gonna dream, dream big.",Cute,Elegant,Red,Pink,goa00
Chief,,,,Wolf,Male,Cranky,B,Music,December 19,harrumph,Rockin' K.K.,Don't wish it were easier; wish you were better.,Cool,Simple,White,Gray,wol00
Chops,,,,Pig,Male,Smug,A,Education,October 13,zoink,K.K. Moody,You can't have your cake and eat it too.,Gorgeous,Elegant,Red,Green,pig14
Chow,,,,Bear,Male,Cranky,B,Fitness,July 22,aiya,Imperial K.K.,All good things must come to an end.,Cool,Gorgeous,Black,White,bea03
Chrissy,,,,Rabbit,Female,Peppy,B,Fashion,August 28,sparkles,Bubblegum K.K.,A fool and their Bells are soon parted.,Cute,Cute,Pink,White,rbt13
Claude,,,,Rabbit,Male,Lazy,A,Nature,December 3,hopalong,Pondering,Don't judge a rabbit by its ears.,Simple,Simple,Black,Colorful,rbt11
Claudia,,,,Tiger,Female,Snooty,A,Music,November 22,ooh la la,K.K. Synth,A tiger can't change its stripes.,Gorgeous,Elegant,Purple,White,tig05
Clay,,,,Hamster,Male,Lazy,A,Nature,October 19,thump,K.K. Safari,Life is just a bowl of cherries.,Elegant,Simple,Beige,Brown,ham05
Cleo,,,,Horse,Female,Snooty,A,Education,February 9,sugar,K.K. Fusion,There's something lovable in all of us.,Cute,Elegant,Aqua,White,hrs07
Clyde,,,,Horse,Male,Lazy,B,Play,May 1,clip clawp,Neapolitan,The grass is always greener.,Simple,Cute,Green,White,hrs10
Coach,,,,Bull,Male,Jock,A,Fitness,April 29,stubble,Mr. K.K.,"Fool me once, shame on you. Fool me twice, shame on me.",Active,Active,Blue,Red,bul07
Cobb,,,,Pig,Male,Jock,B,Education,October 7,hot dog,Pondering,Might makes right.,Simple,Active,White,Blue,pig08
Coco,,,,Rabbit,Female,Normal,B,Education,March 1,doyoing,K.K. Jongara,Don't put off till tomorrow what you can do today.,Simple,Cute,Beige,Green,rbt02
Cole,,,,Rabbit,Male,Lazy,A,Nature,August 10,coooooool,K.K. Faire,Little pitchers have big ears.,Simple,Cute,Orange,Colorful,rbt18
Colton,,,,Horse,Male,Smug,A,Nature,May 22,check it,K.K. Chorale,Make hay while the sun shines.,Gorgeous,Elegant,Blue,Red,hrs11
Cookie,,,,Dog,Female,Peppy,B,Fashion,June 18,arfer,Bubblegum K.K.,Don't lose sight of what you're really after.,Cute,Cute,Green,Aqua,dog08
Cousteau,,,,Frog,Male,Jock,B,Fitness,December 17,oui oui,Imperial K.K.,"Jump first, ask questions later.",Elegant,Gorgeous,Green,Red,flg10
Cranston,,,,Ostrich,Male,Lazy,A,Nature,September 23,sweatband,K.K. Faire,Hard work beats talent.,Simple,Cool,Beige,Brown,ost06
Croque,,,,Frog,Male,Cranky,A,Nature,July 18,as if,K.K. Folk,"Where there's smoke, there's fire.",Elegant,Cool,Red,Orange,flg17
Cube,,,,Penguin,Male,Lazy,B,Play,January 29,brainfreeze,Farewell,Sometimes you gotta learn to chill.,Simple,Cute,Yellow,Colorful,pgn02
Curlos,,,,Sheep,Male,Smug,B,Nature,May 8,shearly,K.K. Salsa,"If you want to know yourself better, ask your neighbors.",Active,Gorgeous,Red,Green,shp08
Curly,,,,Pig,Male,Jock,B,Fitness,July 26,nyoink,K.K. Reggae,Get fired up!,Simple,Active,Yellow,Colorful,pig00
Curt,,,,Bear,Male,Cranky,A,Nature,July 1,fuzzball,Comrade K.K.,A Bell saved is a Bell earned.,Cool,Cool,Blue,White,bea02
Cyd,,,,Elephant,Male,Cranky,A,Music,June 9,rockin',K.K. Metal,"Do what you want, but do it loud!",Cool,Active,Black,Yellow,elp12
Cyrano,,,,Anteater,Male,Cranky,B,Education,March 9,ah-CHOO,K.K. Lament,Don't punch your nose to spite your face.,Cool,Active,Yellow,Beige,ant00
Daisy,,,,Dog,Female,Normal,B,Education,November 16,bow-WOW,Forest Life,It's not always a dog-eat-dog world.,Simple,Cute,Colorful,Blue,dog07
Deena,,,,Duck,Female,Normal,B,Education,June 27,woowoo,Mr. K.K.,Duck...duck...GOOSE!,Simple,Cute,Colorful,Blue,duk04
Deirdre,,,,Deer,Female,Big Sister,A,Play,May 4,whatevs,K.K. Bossa,"Legs of an antelope, heart of an eagle.",Simple,Simple,Orange,Orange,der04
Del,,,,Alligator,Male,Cranky,B,Fitness,May 27,gronk,Pondering,The hero is brave in deeds as well as words.,Cool,Simple,Blue,White,crd04
Deli,,,,Monkey,Male,Lazy,A,Nature,May 24,monch,K.K. Étude,"Righty tighty, lefty loosey.",Gorgeous,Elegant,Purple,Brown,mnk08
Derwin,,,,Duck,Male,Lazy,B,Play,May 25,derrrr,K.K. Stroll,Everything in moderation. Except for snacks.,Simple,Elegant,Yellow,Beige,duk08
Diana,,,,Deer,Female,Snooty,A,Education,January 4,no doy,Farewell,Sometimes you have to lose to win.,Elegant,Gorgeous,Purple,Pink,der08
Diva,,,,Frog,Female,Big Sister,A,Fitness,October 2,ya know,K.K. Oasis,Eyes are the windows to the soul.,Gorgeous,Elegant,Purple,Aqua,flg18
Dizzy,,,,Elephant,Male,Lazy,B,Play,July 14,woo-oo,Two Days Ago,Keep it mellow.,Simple,Simple,Yellow,Blue,elp01
Dobie,,,,Wolf,Male,Cranky,A,Nature,February 17,ohmmm,Agent K.K.,Old longings never truly fade.,Simple,Cool,Brown,Beige,wol04
Doc,,,,Rabbit,Male,Lazy,B,Education,March 16,old bunny,Pondering,One cannot live on carrots alone.,Simple,Elegant,Gray,Beige,rbt10
Dom,,,,Sheep,Male,Jock,A,Play,March 18,indeedaroo,K.K. Country,Be true to your most shiny self.,Active,Cute,Red,Colorful,shp15
Dora,,,,Mouse,Female,Normal,B,Education,February 18,squeaky,K.K. Faire,The squeaky wheel gets the cheese.,Simple,Elegant,Blue,Aqua,mus00
Dotty,,,,Rabbit,Female,Peppy,B,Fashion,March 14,wee one,Drivin',It's always a good hare day.,Simple,Cute,Blue,Black,rbt01
Drago,,,,Alligator,Male,Lazy,A,Nature,February 12,burrrn,Imperial K.K.,There is no room for two dragons in one pond.,Elegant,Gorgeous,Orange,Red,crd08
Drake,,,,Duck,Male,Lazy,B,Play,June 25,quacko,K.K. Blues,...Quack.,Cool,Simple,Brown,Red,duk09
Drift,,,,Frog,Male,Jock,B,Fitness,October 9,dribbit,K.K. Metal,Always go for the gold!,Simple,Active,Orange,Red,flg04
Ed,,,,Horse,Male,Smug,B,Nature,September 16,greenhorn,K.K. Ballad,Beauty is pretty!,Gorgeous,Elegant,Black,Gray,hrs06
Egbert,,,,Chicken,Male,Lazy,B,Play,October 14,doodle-duh,Lucky K.K.,You gotta break a few eggs to make an omelet.,Simple,Simple,Beige,Brown,chn02
Elise,,,,Monkey,Female,Snooty,B,Fashion,March 21,puh-lease,K.K. Bossa,"Do as I say, not as I do.",Elegant,Gorgeous,Purple,Red,mnk05
Ellie,,,,Elephant,Female,Normal,A,Nature,May 12,li'l one,K.K. Ballad,You need the sour to highlight the sweet.,Simple,Cute,Gray,Pink,elp07
Elmer,,,,Horse,Male,Lazy,B,Play,October 5,tenderfoot,K.K. Country,"The horse doesn't pull the cart, the oats do.",Simple,Cool,Blue,White,hrs03
Eloise,,,,Elephant,Female,Snooty,B,Fashion,December 8,tooooot,K.K. Soul,An elephant never forgets.,Elegant,Simple,Green,Orange,elp03
Elvis,,,,Lion,Male,Cranky,B,Education,July 23,unh-hunh,K.K. Casbah,Better a live coward than a forgotten hero.,Gorgeous,Elegant,Red,Black,lon01
Erik,,,,Deer,Male,Lazy,A,Nature,July 27,chow down,Drivin',"If you're afraid of wolves, don't go to the woods.",Simple,Simple,Beige,Red,der09
Eugene,,,,Koala,Male,Smug,A,Music,October 26,yeah buddy,Agent K.K.,Imitation is the sincerest form of flattery.,Cool,Gorgeous,Black,Gray,kal10
Eunice,,,,Sheep,Female,Normal,B,Fashion,April 3,lambchop,K.K. Disco,There is a point to every encounter.,Simple,Elegant,Beige,Orange,shp02
Fang,,,,Wolf,Male,Cranky,B,Education,December 18,cha-chomp,K.K. Steppe,"You mess with the wolf, you get the fangs.",Simple,Cool,White,Aqua,wol06
Fauna,,,,Deer,Female,Normal,A,Nature,March 26,dearie,K.K. Stroll,The first step is always the hardest.,Simple,Cute,Beige,White,der00
Felicity,,,,Cat,Female,Peppy,B,Fashion,March 30,mimimi,K.K. Stroll,Love has no bounds.,Cute,Cute,Yellow,Orange,cat17
Filbert,,,,Squirrel,Male,Lazy,A,Nature,June 3,bucko,Stale Cupcakes,Don't go nuts or anything.,Simple,Cute,Blue,White,squ02
Flip,,,,Monkey,Male,Jock,A,Music,November 21,rerack,K.K. Rally,"See no donut, hear no donut, speak no donut.",Active,Simple,Blue,Yellow,mnk06
Flo,,,,Penguin,Female,Big Sister,A,Music,September 2,cha,Space K.K.,Always keep a straight face.,Cool,Gorgeous,Red,Purple,pgn13
Flora,,,,Ostrich,Female,Peppy,A,Play,February 9,pinky,K.K. Condor,Pink is the new black.,Cute,Active,Colorful,Pink,ost09
Flurry,,,,Hamster,Female,Normal,A,Nature,January 30,powderpuff,Hypno K.K.,"Squeak your mind, even if your voice shakes.",Elegant,Cute,Red,Pink,ham06
Francine,,,,Rabbit,Female,Snooty,B,Fashion,January 22,karat,K.K. Cruisin',You can't have wise folks if you don't have fools too.,Elegant,Gorgeous,Blue,Black,rbt12
Frank,,,,Eagle,Male,Cranky,B,Education,July 30,crushy,K.K. Casbah,Today is the last day of the rest of your life.,Gorgeous,Cool,Brown,Yellow,pbr06
Freckles,,,,Duck,Female,Peppy,B,Fashion,February 19,ducky,Marine Song 2001,Act now before you change your mind!,Simple,Cute,Green,Colorful,duk07
Freya,,,,Wolf,Female,Snooty,B,Fashion,December 14,uff da,Lucky K.K.,Don't stray too far from the pack.,Elegant,Cool,Green,Blue,wol05
Friga,,,,Penguin,Female,Snooty,B,Fashion,October 16,brrrmph,Farewell,You can't learn a life lesson from a fortune cookie.,Elegant,Gorgeous,Pink,Black,pgn04
Frita,,,,Sheep,Female,Big Sister,A,Music,July 16,oh ewe,K.K. Rockabilly,Don't sweat the small potatoes.,Active,Cute,Yellow,Red,shp11
Frobert,,,,Frog,Male,Jock,B,Fitness,February 8,fribbit,K.K. Ragtime,Always aim high!,Active,Simple,Blue,Colorful,flg02
Fuchsia,,,,Deer,Female,Big Sister,A,Music,September 19,precious,K.K. Rock,It takes one to know one.,Cool,Cool,Pink,Pink,der06
Gabi,,,,Rabbit,Female,Peppy,B,Fashion,December 16,honeybun,Neapolitan,The more the merrier.,Cute,Gorgeous,Brown,Red,rbt05
Gala,,,,Pig,Female,Normal,B,Education,March 5,snortie,Animal City,Still waters run deep.,Cute,Elegant,Pink,White,pig13
Gaston,,,,Rabbit,Male,Cranky,B,Education,October 28,mon chou,K.K. Song,An ear for an ear makes it hard to hear.,Simple,Gorgeous,Brown,Orange,rbt04
Gayle,,,,Alligator,Female,Normal,A,Nature,May 17,snacky,Bubblegum K.K.,An ounce of prevention is worth a pound of cure.,Cute,Cute,Pink,White,crd07
Genji,,,,Rabbit,Male,Jock,B,Fitness,January 21,mochi,King K.K.,"Fall down seven times, get up eight.",Elegant,Simple,Green,Purple,rbt08
Gigi,,,,Frog,Female,Snooty,B,Fashion,August 11,ribbette,K.K. Swing,Look at the world through rose-colored glasses.,Gorgeous,Elegant,Black,White,flg16
Gladys,,,,Ostrich,Female,Normal,B,Education,January 15,stretch,K.K. Folk,Smiles are free.,Elegant,Cute,Green,Pink,ost01
Gloria,,,,Duck,Female,Snooty,B,Fashion,August 12,quacker,Animal City,Time is money.,Gorgeous,Elegant,Black,Gray,duk15
Goldie,,,,Dog,Female,Normal,B,Nature,December 27,woof,K.K. Bossa,A little bit of happiness is better than a lot of anguish.,Simple,Cute,Yellow,Orange,dog00
Gonzo,,,,Koala,Male,Cranky,A,Nature,October 13,mate,Surfin' K.K.,"Brothers are brothers, cheese is cheese.",Simple,Cool,Black,Green,kal04
Goose,,,,Chicken,Male,Jock,B,Fitness,October 4,buh-kay,K.K. Country,Birds of a feather crow together.,Simple,Active,Blue,White,chn00
Graham,,,,Hamster,Male,Smug,A,Education,June 20,indeed,Bubblegum K.K.,Knowledge is power.,Simple,Cool,Green,Orange,ham02
Greta,,,,Mouse,Female,Snooty,A,Education,September 5,yelp,Comrade K.K.,The world is a stage.,Elegant,Simple,Pink,Purple,mus16
Grizzly,,,,Bear,Male,Cranky,B,Education,July 31,grrr,K.K. Condor,Those who live in glass houses shouldn't throw stones.,Cool,Simple,Red,Black,bea09
Groucho,,,,Bear,Male,Cranky,B,Music,October 23,grumble,K.K. Metal,Rocky road is more than just a flavor of ice cream.,Cool,Simple,Black,Gray,bea06
Gruff,,,,Goat,Male,Cranky,B,Music,August 29,bleh eh eh,K.K. Rockabilly,Don't burn bridges.,Cool,Gorgeous,Purple,Black,goa04
Gwen,,,,Penguin,Female,Snooty,B,Fashion,January 23,h-h-h-hon,Drivin',"Mind your manners, or someone else will.",Gorgeous,Elegant,Green,White,pgn05
Hamlet,,,,Hamster,Male,Jock,A,Play,May 30,hammie,K.K. Reggae,The ear's the thing.,Simple,Active,Purple,Blue,ham00
Hamphrey,,,,Hamster,Male,Cranky,A,Nature,February 25,snort,Comrade K.K.,Children should be seen and not heard.,Cool,Simple,Gray,Beige,ham07
Hans,,,,Gorilla,Male,Smug,A,Fitness,December 5,groovy,K.K. Sonata,One good turn deserves another.,Elegant,Gorgeous,Gray,Blue,gor10
Harry,,,,Hippo,Male,Cranky,B,Education,January 7,beach bum,K.K. Rally,Patience is a virtue for folks with time.,Cool,Simple,Green,Orange,hip08
Hazel,,,,Squirrel,Female,Big Sister,A,Play,August 30,uni-wow,DJ K.K.,Never say never!,Active,Cute,Red,Yellow,squ18
Henry,,,,Frog,Male,Smug,A,Music,September 21,snoozit,K.K. Soul,The way to a frog's heart is through his stomach.,Cool,Simple,Aqua,Blue,flg19
Hippeux,,,,Hippo,Male,Smug,A,Education,October 15,natch,K.K. Sonata,Mottoes are for the unoriginal.,Elegant,Gorgeous,Brown,Green,hip09
Hopkins,,,,Rabbit,Male,Lazy,A,Nature,March 11,thumper,Pondering,A wise mammal gives danger a wide berth.,Simple,Active,Blue,Yellow,rbt14
Hopper,,,,Penguin,Male,Cranky,B,Music,April 6,slushie,Comrade K.K.,Always have a comeback.,Cool,Simple,Yellow,Red,pgn03
Hornsby,,,,Rhino,Male,Lazy,A,Nature,March 20,schnozzle,K.K. Lament,You can't hit a mosquito with a horseshoe.,Simple,Simple,Green,Brown,rhn04
Huck,,,,Frog,Male,Smug,A,Fitness,July 9,hopper,To the Edge,Cold coffee makes for a cold demeanor.,Simple,Cool,Green,Yellow,flg11
Hugh,,,,Pig,Male,Lazy,B,Play,December 30,snortle,My Place,Keep it real. Real chill.,Simple,Active,Beige,Yellow,pig03
Iggly,,,,Penguin,Male,Jock,B,Fitness,November 2,waddler,I Love You,"Six of one, half dozen of the other.",Active,Simple,Red,Blue,pgn11
Ike,,,,Bear,Male,Cranky,A,Nature,May 16,roadie,K.K. Rock,"The higher you climb, the smaller things look.",Cool,Cool,Green,Blue,bea11
Jacob,,,,Bird,Male,Lazy,A,Nature,August 24,ya feel,K.K. Song,Your greatest strength can be your greatest weakness.,Simple,Simple,Green,Red,brd11
Jacques,,,,Bird,Male,Smug,A,Music,June 22,zut alors,K.K. Technopop,Better to have loved and squawked than to have never loved at all.,Cool,Simple,Green,Black,brd16
Jambette,,,,Frog,Female,Normal,B,Fashion,October 27,croak-kay,K.K. Cruisin',It takes more muscles to frown than smile.,Cool,Cool,Brown,Brown,flg13
Jay,,,,Bird,Male,Jock,B,Fitness,July 17,heeeeeyy,K.K. Country,He who hesitates has lost.,Active,Active,Blue,Aqua,brd00
Jeremiah,,,,Frog,Male,Lazy,B,Play,July 8,nee-deep,Hypno K.K.,Sleep before you leap.,Simple,Simple,Orange,Yellow,flg07
Jitters,,,,Bird,Male,Jock,B,Fitness,February 2,bzzert,K.K. Adventure,"When you're a team of one, you're always captain!",Active,Active,Yellow,Orange,brd04
Joey,,,,Duck,Male,Lazy,B,Play,January 3,bleeeeeck,Marine Song 2001,Don't get your feathers all ruffled. Just chill.,Simple,Simple,Green,Blue,duk01
Judy,,,,Cub,Female,Snooty,A,Music,March 10,myohmy,K.K. Lullaby,I'm dancing my dreams away.,Cute,Elegant,Pink,White,cbr19
Julia,,,,Ostrich,Female,Snooty,A,Education,July 31,dahling,K.K. Sonata,"Cut once, measure twice... Wait— reverse that.",Elegant,Gorgeous,Purple,Red,ost05
Julian,,,,Horse,Male,Smug,A,Music,March 15,glitter,Space K.K.,Never trot when you can prance.,Gorgeous,Cool,Purple,Blue,hrs13
June,,,,Cub,Female,Normal,A,Nature,May 21,rainbow,K.K. Island,"Dream big, expect little.",Cute,Simple,White,Red,cbr13
Kabuki,,,,Cat,Male,Cranky,B,Music,November 29,meooo-OH,K.K. Jongara,"If you make your opponent flinch, you have already won.",Simple,Simple,Purple,Red,cat09
Katt,,,,Cat,Female,Big Sister,A,Music,April 27,purrty,K.K. Disco,MeowMEOWmeow!,Cool,Cool,Purple,Black,cat21
Keaton,,,,Eagle,Male,Smug,A,Music,June 1,wingo,Drivin',"Even in a room full of fools, someone is the smartest.",Gorgeous,Cool,Blue,White,pbr08
Ken,,,,Chicken,Male,Smug,A,Education,December 23,no doubt,K.K. Rally,C'est la vie!,Cool,Simple,Purple,Blue,chn13
Ketchup,,,,Duck,Female,Peppy,A,Play,July 27,bitty,Neapolitan,"When in doubt, eat a tomato!",Cute,Cute,Aqua,White,duk13
Kevin,,,,Pig,Male,Jock,A,Play,April 26,weeweewee,K.K. Rockabilly,Sometimes it's OK to get dirty.,Active,Simple,Black,Red,pig15
Kid Cat,,,,Cat,Male,Jock,B,Fitness,August 1,psst,Go K.K. Rider,Crime doesn't pay!,Active,Simple,Red,Red,cat10
Kidd,,,,Goat,Male,Smug,B,Education,June 28,wut,K.K. Tango,"Be yourself, everyone else is already taken.",Elegant,Cool,Gray,White,goa07
Kiki,,,,Cat,Female,Normal,B,Education,October 8,kitty cat,Only Me,"Nothing ventured, nothing gained.",Simple,Simple,Brown,Beige,cat04
Kitt,,,,Kangaroo,Female,Normal,B,Education,October 11,child,Stale Cupcakes,Funny parents have funny kids.,Elegant,Simple,Purple,Red,kgr00
Kitty,,,,Cat,Female,Snooty,B,Fashion,February 15,mrowrr,K.K. Chorale,"If you want something done well, do it yourself.",Elegant,Gorgeous,Green,Gray,cat14
Klaus,,,,Bear,Male,Smug,A,Education,March 31,strudel,K.K. Sonata,Pride goes before a fall.,Simple,Simple,Gray,White,bea14
Knox,,,,Chicken,Male,Cranky,B,Education,November 23,cluckling,K.K. Chorale,A chicken's coop is its castle.,Elegant,Gorgeous,Brown,Red,chn11
Kody,,,,Cub,Male,Jock,B,Fitness,September 28,grah grah,My Place,The sky's the limit!,Active,Simple,Colorful,White,cbr04
Kyle,,,,Wolf,Male,Smug,A,Music,December 6,alpha,K.K. Metal,Never trust a sheep in wolf's clothing.,Gorgeous,Cool,Black,White,wol10
Leonardo,,,,Tiger,Male,Jock,B,Fitness,May 15,flexin',K.K. Metal,That's the way the energy bar crumbles.,Active,Gorgeous,Red,Blue,tig04
Leopold,,,,Lion,Male,Smug,A,Education,August 14,lion cub,Mr. K.K.,"The bigger the fish, the bigger your dinner.",Elegant,Gorgeous,Purple,Green,lon04
Lily,,,,Frog,Female,Normal,B,Education,February 4,toady,Farewell,Don't jump to conclusions!,Cute,Simple,White,Yellow,flg00
Limberg,,,,Mouse,Male,Cranky,B,Education,October 17,squinky,K.K. Folk,Don't build a better mousetrap.,Simple,Cool,Green,Blue,mus01
Lionel,,,,Lion,Male,Smug,A,Music,July 29,precisely,K.K. Moody,Love is blind.,Gorgeous,Active,Green,Gray,lon08
Lobo,,,,Wolf,Male,Cranky,B,Education,November 5,ah-rooooo,K.K. Rock,"If it's not one thing, it's another.",Cool,Active,Black,Beige,wol01
Lolly,,,,Cat,Female,Normal,B,Music,March 27,bonbon,Forest Life,Laughter is the best medicine.,Simple,Simple,Gray,Pink,cat18
Lopez,,,,Deer,Male,Smug,A,Education,August 20,badoom,K.K. Jazz,Always look both ways before crossing the street.,Gorgeous,Gorgeous,Gray,Gray,der05
Louie,,,,Gorilla,Male,Jock,A,Fitness,March 26,hoo hoo ha,K.K. Fusion,It's all about the muscle.,Active,Simple,Gray,Red,gor04
Lucha,,,,Bird,Male,Smug,A,Fitness,December 12,cacaw,K.K. Western,"Birds of a feather, et cetera, et cetera...",Active,Cool,Black,Gray,brd15
Lucky,,,,Dog,Male,Lazy,B,Play,November 4,rrr-owch,K.K. Dirge,Don't bite the hand that feeds you.,Simple,Simple,Beige,White,dog02
Lucy,,,,Pig,Female,Normal,B,Music,June 2,snoooink,K.K. Sonata,The best is yet to come.,Cute,Elegant,Pink,Red,pig04
Lyman,,,,Koala,Male,Jock,A,Play,October 12,chips,K.K. Safari,Eucalyptus is the spice of life.,Simple,Active,Aqua,Yellow,kal09
Mac,,,,Dog,Male,Jock,B,Fitness,November 11,woo woof,My Place,Sometimes life is rough.,Active,Cool,Red,Black,dog14
Maddie,,,,Dog,Female,Peppy,A,Play,January 11,yippee,K.K. Stroll,The IT revolution is under way.,Simple,Cute,Purple,Pink,dog09
Maelle,,,,Duck,Female,Snooty,B,Fashion,April 8,duckling,Café K.K.,A wise duck takes care of its bill.,Cool,Simple,Pink,White,duk03
Maggie,,,,Pig,Female,Normal,A,Nature,September 3,schep,Drivin',All a plant needs is love...and sun and water and soil.,Cute,Elegant,Green,Yellow,pig10
Mallary,,,,Duck,Female,Snooty,B,Fashion,November 17,quackpth,K.K. Bossa,Purple is the color of royalty.,Cool,Gorgeous,Blue,White,duk06
Maple,,,,Cub,Female,Normal,B,Education,June 15,honey,Forest Life,"Waste not, want not.",Simple,Cute,Beige,Green,cbr01
Marcel,,,,Dog,Male,Lazy,B,Play,December 31,non,Comrade K.K.,There's not a dog so bad that he won't wag his tail.,Simple,Cool,Green,Blue,dog15
Marcie,,,,Kangaroo,Female,Normal,A,Nature,May 31,pouches,K.K. Aria,The road to a friend's house is never long.,Cute,Elegant,Pink,Beige,kgr10
Margie,,,,Elephant,Female,Normal,B,Education,January 28,tootie,K.K. Marathon,Keep your feet on the ground.,Elegant,Cute,Pink,Red,elp04
Marina,,,,Octopus,Female,Normal,B,Music,June 26,blurp,Soulful K.K.,"If you can't say something nice, don't say anything at all.",Cute,Cute,Pink,Red,ocp01
Marshal,,,,Squirrel,Male,Smug,A,Music,September 29,sulky,K.K. Bossa,Seize the day.,Elegant,Cool,Aqua,Blue,squ17
Mathilda,,,,Kangaroo,Female,Snooty,B,Fitness,November 12,wee baby,K.K. Chorale,Nail polish is thicker than water.,Cool,Gorgeous,White,Red,kgr01
Megan,,,,Bear,Female,Normal,A,Nature,March 13,sundae,Forest Life,"Take a page out of someone else's book, if it's a good book.",Cute,Simple,Yellow,Aqua,bea15
Melba,,,,Koala,Female,Normal,B,Education,April 12,toasty,K.K. Stroll,A friend who shares is a friend who cares.,Cute,Cute,White,Green,kal02
Merengue,,,,Rhino,Female,Normal,A,Nature,March 19,shortcake,K.K. Ballad,Life is a piece of cake.,Cute,Simple,White,Red,rhn07
Merry,,,,Cat,Female,Peppy,B,Fashion,June 29,mweee,Neapolitan,A smile increases your face value.,Cute,Cute,Pink,Aqua,cat16
Midge,,,,Bird,Female,Normal,B,Education,March 12,tweedledee,K.K. Stroll,"When the world gets cold, just fly south.",Cute,Simple,Pink,Pink,brd08
Mint,,,,Squirrel,Female,Snooty,B,Fashion,May 2,ahhhhhh,K.K. Soul,Always lead by example.,Gorgeous,Cute,Pink,Purple,squ09
Mira,,,,Rabbit,Female,Big Sister,A,Fitness,July 6,cottontail,Go K.K. Rider,Always help a friend in need.,Active,Cool,Red,Yellow,rbt19
Miranda,,,,Duck,Female,Snooty,B,Fashion,April 23,quackulous,K.K. Sonata,"If the world is flooded, it will be easy for the duck.",Elegant,Gorgeous,Blue,Purple,duk12
Mitzi,,,,Cat,Female,Normal,B,Education,September 25,mew,K.K. Love Song,Practice makes purrrfect!,Simple,Simple,Brown,Beige,cat01
Moe,,,,Cat,Male,Lazy,B,Play,January 12,myawn,Two Days Ago,Ignorance is bliss.,Active,Simple,Black,Gray,cat08
Molly,,,,Duck,Female,Normal,A,Nature,March 7,quackidee,K.K. Ballad,Like water off a duck's back.,Cute,Simple,Yellow,Pink,duk16
Monique,,,,Cat,Female,Snooty,B,Fashion,September 30,pffffft,K.K. Cruisin',All publicity is good publicity!,Gorgeous,Elegant,Purple,Pink,cat11
Monty,,,,Monkey,Male,Cranky,B,Education,December 7,g'tang,To The Edge,No news is good news.,Cool,Cool,Yellow,Gray,mnk04
Moose,,,,Mouse,Male,Jock,B,Fitness,September 13,shorty,K.K. Rockabilly,A cornered rat will summon the courage to bite a cat.,Cool,Gorgeous,Purple,Red,mus14
Mott,,,,Lion,Male,Jock,B,Fitness,July 10,cagey,K.K. Fusion,The lion's share goes to the lion.,Active,Elegant,Blue,Green,lon06
Muffy,,,,Sheep,Female,Big Sister,A,Music,February 14,nightshade,K.K. Sonata,There's a black sheep in every family.,Gorgeous,Elegant,Black,Purple,shp12
Murphy,,,,Cub,Male,Cranky,A,Education,December 29,malarkey,K.K. Safari,"More money, more problems.",Simple,Cool,Blue,White,cbr07
Nan,,,,Goat,Female,Normal,B,Nature,August 24,kid,K.K. Étude,Nanny-nanny boo-boo!,Simple,Elegant,Orange,Yellow,goa01
Nana,,,,Monkey,Female,Normal,B,Education,August 23,po po,K.K. Ballad,Bread always falls peanut-butter side down.,Cute,Cute,Pink,White,mnk01
Naomi,,,,Cow,Female,Snooty,A,Fashion,February 28,moolah,K.K. Milonga,Moo like there's no tomorrow.,Elegant,Gorgeous,Colorful,Purple,cow07
Nate,,,,Bear,Male,Lazy,B,Play,August 16,yawwwn,Forest Life,Be true to yourself.,Simple,Simple,White,Green,bea05
Nibbles,,,,Squirrel,Female,Peppy,B,Fashion,July 19,niblet,K.K. Disco,"Appearances are, like, totally deceiving.",Cute,Active,Red,Yellow,squ04
Norma,,,,Cow,Female,Normal,A,Nature,September 20,hoof hoo,Mountain Song,"If you want what you have, then you'll have what you want.",Cute,Simple,White,Aqua,cow06
O'Hare,,,,Rabbit,Male,Smug,B,Nature,July 24,amigo,K.K. Island,It's not old; it's vintage.,Active,Cool,Blue,Aqua,rbt15
Octavian,,,,Octopus,Male,Cranky,B,Play,September 20,sucker,K.K. D&B,Don't be a sucker!,Cool,Simple,Black,White,ocp00
Olaf,,,,Anteater,Male,Smug,A,Education,May 19,whiffa,K.K. Milonga,Keep your nose clean.,Elegant,Gorgeous,Red,Black,ant09
Olive,,,,Cub,Female,Normal,A,Nature,July 12,sweet pea,Neapolitan,Sticky fingers attract bees.,Simple,Simple,Brown,Yellow,cbr09
Olivia,,,,Cat,Female,Snooty,B,Music,February 3,purrr,K.K. Sonata,There's an exception to every rule.,Cool,Elegant,White,Black,cat03
Opal,,,,Elephant,Female,Snooty,B,Fashion,January 20,snoot,K.K. Cruisin',"However little you think of an elephant, you can't say it won't fill a pot.",Elegant,Cool,Black,Orange,elp00
Ozzie,,,,Koala,Male,Lazy,B,Play,May 7,ol' bear,Mr. K.K.,Half a loaf is better than none.,Simple,Cute,Yellow,Orange,kal05
Pancetti,,,,Pig,Female,Snooty,A,Music,November 14,sooey,K.K. Cruisin',Always get it in writing.,Cute,Gorgeous,Red,Yellow,pig16
Pango,,,,Anteater,Female,Peppy,B,Fashion,November 9,snooooof,K.K. Oasis,A thing of beauty is a joy forever.,Elegant,Cool,Orange,Purple,ant02
Paolo,,,,Elephant,Male,Lazy,A,Nature,May 5,pal,To The Edge,"When it works, it works.",Simple,Elegant,Gray,Aqua,elp05
Papi,,,,Horse,Male,Lazy,A,Nature,January 10,haaay,Hypno K.K.,Never say neigh.,Simple,Simple,Orange,Aqua,hrs12
Pashmina,,,,Goat,Female,Big Sister,A,Music,December 26,kidders,K.K. Disco,"Before you judge someone, walk a mile in their hooves.",Cool,Elegant,Red,Colorful,goa08
Pate,,,,Duck,Female,Peppy,B,Fashion,February 23,quackle,K.K. Soul,A duck won't bite you.,Simple,Cute,Yellow,White,duk02
Patty,,,,Cow,Female,Peppy,B,Fashion,May 10,how-now,K.K. Calypso,A friend in need is a friend indeed!,Simple,Cute,Orange,Red,cow00
Paula,,,,Bear,Female,Big Sister,B,Fitness,March 22,yodelay,K.K. Disco,Trends always make a comeback.,Cute,Active,Orange,Green,bea10
Peaches,,,,Horse,Female,Normal,B,Education,November 28,neighbor,Forest Life,Every day is a gift.,Cute,Simple,Colorful,Aqua,hrs08
Peanut,,,,Squirrel,Female,Peppy,B,Fashion,June 8,slacker,Forest Life,Never take a nibble when you can take a bite.,Cute,Cute,Red,Colorful,squ00
Pecan,,,,Squirrel,Female,Snooty,B,Fashion,September 10,chipmunk,K.K. Love Song,Promises are like pie crusts— they're made to be broken.,Elegant,Gorgeous,Purple,Beige,squ03
Peck,,,,Bird,Male,Jock,A,Play,July 25,crunch,My Place,The best defense is a good offense.,Simple,Active,Beige,Red,brd17
Peewee,,,,Gorilla,Male,Cranky,B,Fitness,September 11,li'l bitty baby,K.K. Rock,Look behind you.,Active,Cool,Orange,Blue,gor01
Peggy,,,,Pig,Female,Peppy,B,Fashion,May 23,shweetie,K.K. Bossa,We're all diamonds in the rough.,Cute,Active,Blue,Red,pig11
Pekoe,,,,Cub,Female,Normal,B,Nature,May 18,bud,Imperial K.K.,Let bygones be bygones.,Elegant,Cute,Red,Beige,cbr14
Penelope,,,,Mouse,Female,Peppy,A,Fashion,February 5,oh bow,Bubblegum K.K.,One mile or a thousand makes no difference to love.,Cute,Gorgeous,Pink,Red,mus17
Phil,,,,Ostrich,Male,Smug,A,Music,November 27,hurk,K.K. Moody,Best not to say too much.,Elegant,Cool,Green,Red,ost07
Phoebe,,,,Ostrich,Female,Big Sister,A,Fitness,April 22,sparky,K.K. Flamenco,You can't keep a good bird down.,Gorgeous,Cool,Black,Red,ost10
Pierce,,,,Eagle,Male,Jock,B,Fitness,January 8,hawkeye,K.K. Gumbo,"When someone says fly, you ask how high!",Elegant,Active,Orange,Yellow,pbr02
Pietro,,,,Sheep,Male,Smug,A,Music,April 19,honk honk,K.K. Parade,Be the class clown.,Gorgeous,Simple,Colorful,Red,shp13
Pinky,,,,Bear,Female,Peppy,B,Fashion,September 9,wah,Imperial K.K.,Time spent with friends is time well spent.,Cute,Simple,Red,Pink,bea01
Piper,,,,Bird,Female,Peppy,A,Play,April 18,chickadee,K.K. Synth,"Where there's life, there's hope.",Elegant,Gorgeous,Black,White,brd05
Pippy,,,,Rabbit,Female,Peppy,B,Fashion,June 14,li'l hare,Drivin',Fake it till you make it.,Cute,Simple,Green,Brown,rbt06
Plucky,,,,Chicken,Female,Big Sister,A,Play,October 12,chicky-poo,K.K. Island,Keep your crumbs out of the bed.,Cool,Simple,Aqua,Yellow,chn10
Pompom,,,,Duck,Female,Peppy,B,Music,February 11,rah rah,K.K. Soul,Happiness is a rainy day!,Cute,Simple,Pink,Aqua,duk05
Poncho,,,,Cub,Male,Jock,B,Fitness,January 2,li'l bear,K.K. Blues,Fortune favors the brave!,Simple,Simple,Orange,Yellow,cbr02
Poppy,,,,Squirrel,Female,Normal,B,Education,August 5,nutty,Forest Life,It's all about positive thinking!,Cute,Elegant,Green,Yellow,squ15
Portia,,,,Dog,Female,Snooty,B,Fashion,October 25,ruffian,K.K. Disco,Charity begins at home.,Elegant,Gorgeous,Purple,Black,dog05
Prince,,,,Frog,Male,Lazy,B,Play,July 21,burrup,Only Me,Catch more flies with honey than vinegar.,Simple,Active,Yellow,White,flg12
Puck,,,,Penguin,Male,Lazy,B,Fitness,February 21,brrrrrrrrr,K.K. March,A bad attitude will land you in the penalty box.,Active,Simple,Blue,Red,pgn06
Puddles,,,,Frog,Female,Peppy,B,Fashion,January 13,splish,K.K. Disco,Look before you leap.,Cute,Gorgeous,Green,Pink,flg06
Pudge,,,,Cub,Male,Lazy,B,Play,June 11,golly,K.K. Stroll,There's no such thing as a free lunch.,Simple,Simple,Green,Blue,cbr03
Punchy,,,,Cat,Male,Lazy,B,Play,April 11,mrmpht,Forest Life,There's always more fish in the sea!,Simple,Simple,Blue,Aqua,cat06
Purrl,,,,Cat,Female,Snooty,B,Fashion,May 29,kitten,K.K. Chorale,Let them drink cream.,Cool,Elegant,Gray,Blue,cat07
Queenie,,,,Ostrich,Female,Snooty,B,Fashion,November 13,chicken,K.K. Gumbo,You never get a second chance to make a first impression.,Gorgeous,Elegant,Black,Gray,ost00
Quillson,,,,Duck,Male,Smug,A,Music,December 22,ridukulous,K.K. Groove,There is beauty in everything.,Elegant,Cool,Beige,Orange,duk17
Raddle,,,,Frog,Male,Lazy,A,Nature,June 6,aaach—,Mr. K.K.,A healthy mind makes for a healthy body.,Elegant,Simple,White,Gray,flg15
Rasher,,,,Pig,Male,Cranky,B,Music,April 7,swine,K.K. Rockabilly,Don't judge a book by its cover.,Cool,Simple,Blue,Black,pig02
Raymond,,,,Cat,Male,Smug,B,Nature,October 1,crisp,K.K. Cruisin',Stay on brand!,Elegant,Cool,Black,Gray,cat23
Renée,,,,Rhino,Female,Big Sister,A,Music,May 28,yo yo yo,Surfin' K.K.,Reckless youth makes rueful age.,Cool,Active,Purple,Yellow,rhn08
Reneigh,,,,Horse,Female,Big Sister,A,Play,June 4,ayup yup,K.K. Synth,"You can only be you, so be the best you that you can be.",Cool,Gorgeous,Black,Purple,hrs16
Rex,,,,Lion,Male,Lazy,A,Nature,July 24,cool cat,Wandering,"Three wrongs don't make a right, but three rights make a left.",Simple,Cute,Blue,Aqua,lon02
Rhonda,,,,Rhino,Female,Normal,B,Music,January 24,bigfoot,K.K. Ballad,Don't look down your nose at people!,Elegant,Gorgeous,Purple,Black,rhn01
Ribbot,,,,Frog,Male,Jock,B,Fitness,February 13,zzrrbbitt,K.K. Technopop,"Never rest, never rust.",Simple,Active,Blue,Aqua,flg01
Ricky,,,,Squirrel,Male,Cranky,B,Education,September 14,nutcase,K.K. Safari,You gotta break a few shells to get to the nut.,Cool,Simple,Blue,Red,squ10
Rizzo,,,,Mouse,Male,Cranky,B,Education,January 17,squee,K.K. Folk,Evil lurks everywhere.,Simple,Cool,Black,Gray,mus09
Roald,,,,Penguin,Male,Jock,B,Fitness,January 5,b-b-buddy,K.K. March,You must learn to waddle before you can swim.,Active,Simple,Red,Yellow,pgn01
Robin,,,,Bird,Female,Snooty,B,Fashion,December 4,la-di-da,K.K. Cruisin',Always keep your wings manicured so you can fly away.,Elegant,Cool,Aqua,Purple,brd01
Rocco,,,,Hippo,Male,Cranky,B,Education,August 18,hippie,K.K. Lament,The only thing to fear is fear itself... and wasps!,Simple,Cool,Yellow,Black,hip00
Rocket,,,,Gorilla,Female,Big Sister,B,Fitness,April 14,vroom,K.K. Adventure,Art feeds the soul. So does pizza.,Active,Cool,Pink,Red,gor09
Rod,,,,Mouse,Male,Jock,B,Fitness,August 14,ace,K.K. March,"If you can't beat 'em, work harder.",Active,Cool,Blue,Aqua,mus05
Rodeo,,,,Bull,Male,Lazy,B,Fitness,October 29,chaps,K.K. Technopop,Zzzzzzzzzzzzzzzzz...,Simple,Cool,Black,Red,bul01
Rodney,,,,Hamster,Male,Smug,A,Music,November 10,le ham,K.K. Rockabilly,Everything is temporary.,Gorgeous,Cool,Pink,Colorful,ham03
Rolf,,,,Tiger,Male,Cranky,B,Fitness,August 22,grrrolf,K.K. Condor,Don't skip lunch. Ever.,Cool,Active,Blue,Black,tig00
Rooney,,,,Kangaroo,Male,Cranky,A,Fitness,December 1,punches,K.K. Adventure,Bob and weave! Bob and weave!,Active,Active,Gray,Black,kgr09
Rory,,,,Lion,Male,Jock,A,Music,August 7,capital,K.K. Faire,Set 'em up and knock 'em down.,Simple,Active,Blue,Red,lon07
Roscoe,,,,Horse,Male,Cranky,B,Music,June 16,nay,K.K. D&B,Trouble rides a fast horse.,Cool,Gorgeous,Black,Gray,hrs04
Rosie,,,,Cat,Female,Peppy,A,Music,February 27,silly,Bubblegum K.K.,One good purr deserves another.,Cute,Cute,Pink,Red,cat02
Rowan,,,,Tiger,Male,Jock,B,Fitness,August 26,mango,Surfin' K.K.,Refuse to lose.,Active,Simple,Aqua,Gray,tig01
Ruby,,,,Rabbit,Female,Peppy,B,Nature,December 25,li'l ears,Stale Cupcakes,You can always take the red-eye.,Cute,Active,Aqua,Pink,rbt09
Rudy,,,,Cat,Male,Jock,A,Play,December 20,mush,K.K. Blues,Always land on your feet!,Active,Simple,Yellow,Beige,cat20
Sally,,,,Squirrel,Female,Normal,B,Music,June 19,nutmeg,Only Me,Even the smallest acorn may grow into the tallest tree.,Simple,Elegant,White,Beige,squ07
Samson,,,,Mouse,Male,Jock,B,Fitness,July 5,pipsqueak,Rockin' K.K.,Squeak softly and carry a big stick.,Simple,Active,Red,Yellow,mus04
Sandy,,,,Ostrich,Female,Normal,A,Nature,October 21,speedy,K.K. Soul,Soaring through the sky takes more than a pair of wings.,Simple,Cool,Aqua,White,ost02
Savannah,,,,Horse,Female,Normal,B,Music,January 25,y'all,Forest Life,Keep your chin up!,Cool,Simple,Aqua,Blue,hrs02
Scoot,,,,Duck,Male,Jock,B,Fitness,June 13,zip zoom,My Place,"Some birds avoid the water, ducks look for it.",Active,Simple,Beige,Blue,duk10
Shari,,,,Monkey,Female,Big Sister,A,Music,April 10,cheeky,K.K. Cruisin',A good start leads to a good end.,Cute,Active,Aqua,Yellow,mnk07
Sheldon,,,,Squirrel,Male,Jock,A,Play,February 26,cardio,K.K. Country,"Winners don't quit, and quitters never win.",Active,Cool,Green,Yellow,squ16
Shep,,,,Dog,Male,Smug,A,Education,November 24,baa baa baa,K.K. Swing,Even dogs won't get in the middle of true love.,Simple,Cool,Aqua,Blue,dog18
Sherb,,,,Goat,Male,Lazy,A,Nature,January 18,bawwww,Hypno K.K.,Forty winks is never enough.,Simple,Cute,Gray,Blue,goa09
Simon,,,,Monkey,Male,Lazy,B,Play,January 19,zzzook,K.K. Safari,Friends go together like peanut butter and bananas.,Simple,Active,Red,Colorful,mnk02
Skye,,,,Wolf,Female,Normal,A,Music,March 24,airmail,Forest Life,Love makes the world go 'round.,Cute,Cute,Blue,White,wol09
Sly,,,,Alligator,Male,Jock,A,Play,November 15,hoo-rah,K.K. Safari,Don't bite off more than you can chew.,Cool,Simple,Brown,Green,crd06
Snake,,,,Rabbit,Male,Jock,B,Fitness,November 3,bunyip,King K.K.,A good ninja is neither seen nor heard.,Active,Simple,Black,Blue,rbt03
Snooty,,,,Anteater,Female,Snooty,A,Education,October 24,sniffff,K.K. Folk,"Request forgiveness, not permission.",Simple,Simple,Green,Yellow,ant06
Soleil,,,,Hamster,Female,Snooty,A,Education,August 9,tarnation,K.K. Oasis,Sometimes dreams are merely dreams.,Cool,Gorgeous,Red,Yellow,ham04
Sparro,,,,Bird,Male,Jock,A,Play,November 20,like whoa,I Love You,The proof of the pudding is in the eating.,Active,Simple,Green,Gray,brd18
Spike,,,,Rhino,Male,Cranky,A,Nature,June 17,punk,K.K. House,Keep your eye on the ball.,Cool,Gorgeous,Black,Gray,rhn02
Spork,,,,Pig,Male,Lazy,B,Play,September 3,snork,Forest Life,It's never too late for a snack.,Simple,Active,Green,Colorful,pig05
Sprinkle,,,,Penguin,Female,Peppy,A,Play,February 20,frappe,K.K. Marathon,Frosting is just the icing on the cake.,Cute,Elegant,Aqua,White,pgn14
Sprocket,,,,Ostrich,Male,Jock,A,Music,December 1,zort,K.K. Metal,Strike while the iron is hot.,Simple,Active,Orange,Green,ost03
Static,,,,Squirrel,Male,Cranky,B,Music,July 9,krzzt,Surfin' K.K.,Lightning never strikes twice.,Cool,Active,Black,Yellow,squ08
Stella,,,,Sheep,Female,Normal,A,Nature,April 9,baa-dabing,Only Me,100% Natural Fiber.,Simple,Simple,Yellow,Beige,shp03
Sterling,,,,Eagle,Male,Jock,B,Fitness,December 11,skraaaaw,K.K. Dirge,Discretion is the better part of valor.,Simple,Elegant,Blue,Red,pbr07
Stinky,,,,Cat,Male,Jock,B,Fitness,August 17,GAAHHH,K.K. Flamenco,"If the mask fits, wear it!",Active,Simple,Red,Blue,cat13
Stitches,,,,Cub,Male,Lazy,B,Play,February 10,stuffin',I Love You,A stitch in time saves nine.,Simple,Cute,Colorful,White,cbr05
Stu,,,,Bull,Male,Lazy,A,Nature,April 20,mrooooo,K.K. Rockabilly,"As a cow grows, so do its nostrils.",Simple,Simple,Brown,Beige,bul03
Sydney,,,,Koala,Female,Normal,B,Music,June 21,sunshine,Drivin',Sail wherever the wind takes you.,Cute,Simple,Beige,Yellow,kal03
Sylvana,,,,Squirrel,Female,Normal,A,Nature,October 22,hubbub,Spring Blossoms,Remember to see the forest between the trees.,Cute,Simple,Green,Purple,squ14
Sylvia,,,,Kangaroo,Female,Big Sister,B,Music,May 3,boing,DJ K.K.,Hop first; ask questions later.,Simple,Gorgeous,Yellow,Green,kgr06
T-Bone,,,,Bull,Male,Cranky,B,Education,May 20,moocher,K.K. Steppe,Don't have a cow.,Cool,Simple,Blue,Black,bul05
Tabby,,,,Cat,Female,Peppy,B,Music,August 13,me-WOW,DJ K.K.,You can never have too much of a good thing!,Active,Cool,Black,Gray,cat12
Tad,,,,Frog,Male,Jock,A,Play,August 3,sluuuurp,Wandering,Take a leap!,Active,Simple,Yellow,Colorful,flg09
Tammi,,,,Monkey,Female,Peppy,B,Fashion,April 2,chimpy,Imperial K.K.,Always be down to monkey around!,Cute,Active,Purple,Green,mnk03
Tammy,,,,Cub,Female,Big Sister,A,Play,June 23,ya heard,DJ K.K.,"If a job is worth doing, do it right!",Cool,Active,Red,Purple,cbr17
Tangy,,,,Cat,Female,Peppy,B,Music,June 17,reeeeOWR,I Love You,"When life gives you lemons, make lemonade!",Simple,Cute,Green,Yellow,cat05
Tank,,,,Rhino,Male,Jock,B,Fitness,May 6,kerPOW,K.K. Lament,Remember to keep your core muscles engaged!,Active,Simple,Red,Green,rhn00
Tasha,,,,Squirrel,Female,Snooty,A,Fitness,November 30,nice nice,K.K. Synth,There's no such thing as a safe secret.,Elegant,Gorgeous,Beige,Gray,squ13
Teddy,,,,Bear,Male,Jock,B,Fitness,September 26,grooof,Mr. K.K.,"No pain, no gain!",Simple,Simple,Yellow,Orange,bea00
Tex,,,,Penguin,Male,Smug,A,Music,October 6,picante,K.K. D&B,Rules were made to be broken.,Cool,Elegant,Black,Gray,pgn12
Tia,,,,Elephant,Female,Normal,A,Nature,November 18,teacup,K.K. Bossa,Tea is a cup of life.,Cute,Elegant,Black,White,elp10
Tiffany,,,,Rabbit,Female,Snooty,B,Fashion,January 9,bunbun,K.K. Ragtime,What is cheap is most costly.,Gorgeous,Cool,Black,Red,rbt07
Timbra,,,,Sheep,Female,Snooty,A,Education,October 21,pine nut,K.K. Love Song,Don't pine for the past.,Elegant,Gorgeous,Green,Brown,shp10
Tipper,,,,Cow,Female,Snooty,B,Fashion,August 25,pushy,Soulful K.K.,It takes two to tango.,Gorgeous,Cute,Colorful,Pink,cow01
Tom,,,,Cat,Male,Cranky,B,Education,December 10,me-YOWZA,K.K. Rock,There's no use crying over spilled milk.,Cool,Simple,Black,Gray,cat15
Truffles,,,,Pig,Female,Peppy,B,Fashion,July 28,snoutie,Neapolitan,The best things in life are free.,Cute,Gorgeous,Green,Red,pig01
Tucker,,,,Elephant,Male,Lazy,A,Nature,September 7,fuzzers,K.K. Safari,Time makes fossils of us all.,Active,Simple,Yellow,Orange,elp09
Tutu,,,,Bear,Female,Peppy,B,Fashion,September 15,twinkles,Bubblegum K.K.,Even the best of friends start out as strangers.,Cute,Simple,Pink,Red,bea07
Twiggy,,,,Bird,Female,Peppy,B,Fashion,July 13,cheepers,Bubblegum K.K.,It's the early bird that catches the worm!,Simple,Cute,Pink,Blue,brd03
Tybalt,,,,Tiger,Male,Jock,A,Play,August 19,grrrRAH,K.K. Groove,There's no excuse for half-baked potatoes.,Active,Simple,Blue,Purple,tig02
Ursala,,,,Bear,Female,Big Sister,A,Music,January 16,grooomph,Café K.K.,Surround yourself with things you love.,Simple,Cute,Red,Orange,bea08
Velma,,,,Goat,Female,Snooty,B,Education,January 14,blih,Mr. K.K.,"Work smarter, not harder.",Elegant,Gorgeous,Aqua,Purple,goa06
Vesta,,,,Sheep,Female,Normal,B,Fashion,April 16,baaaffo,Forest Life,No sweater off my back.,Simple,Cute,Orange,Red,shp00
Vic,,,,Bull,Male,Cranky,A,Fitness,December 29,cud,K.K. March,"You mess with the bull, you get the horns.",Cool,Active,Aqua,Blue,bul08
Victoria,,,,Horse,Female,Peppy,B,Fitness,July 11,sugar cube,K.K. Adventure,Don't put the cart before the horse.,Active,Simple,Yellow,Orange,hrs01
Violet,,,,Gorilla,Female,Snooty,B,Fitness,September 1,sweetie,K.K. Bazaar,Pearls are a pink gorilla's best friend.,Gorgeous,Cool,Purple,Pink,gor07
Vivian,,,,Wolf,Female,Snooty,A,Education,January 26,piffle,K.K. Cruisin',Onwards and upwards!,Gorgeous,Elegant,Gray,Purple,wol08
Vladimir,,,,Cub,Male,Cranky,B,Play,August 2,nyet,Agent K.K.,Trouble never comes alone.,Simple,Cool,Yellow,Colorful,cbr06
Wade,,,,Penguin,Male,Lazy,A,Nature,October 30,so it goes,Stale Cupcakes,"Which came first, the seeds or the sunflower?",Simple,Gorgeous,Aqua,Blue,pgn09
Walker,,,,Dog,Male,Lazy,B,Play,June 10,wuh,Two Days Ago,"The dog wags his tail, not for you, but for your bread.",Simple,Simple,Orange,Red,dog06
Walt,,,,Kangaroo,Male,Cranky,A,Fitness,April 24,pockets,K.K. Lament,Take the good with the bad.,Cool,Cool,Black,Gray,kgr08
Wart Jr.,,,,Frog,Male,Cranky,B,Education,August 21,grr-ribbit,Steep Hill,Age before beauty.,Simple,Simple,Blue,Purple,flg05
Weber,,,,Duck,Male,Lazy,A,Nature,June 30,quaa,K.K. Fusion,Today's adults are yesterday's children.,Cool,Simple,Blue,Black,duk11
Wendy,,,,Sheep,Female,Peppy,B,Fashion,August 15,lambkins,Space K.K.,Every cloud has a silver lining.,Cool,Gorgeous,Red,Green,shp09
Whitney,,,,Wolf,Female,Snooty,B,Fashion,September 17,snappy,K.K. Soul,Don't cry wolf unless you mean it.,Elegant,Cool,Blue,Aqua,wol03
Willow,,,,Sheep,Female,Snooty,B,Fashion,November 26,bo peep,K.K. Soul,You can't fight your genes.,Cute,Gorgeous,White,Pink,shp07
Winnie,,,,Horse,Female,Peppy,B,Fashion,January 31,hay-OK,K.K. Country,"Smile, and the world smiles with you.",Cool,Simple,White,Gray,hrs05
Wolfgang,,,,Wolf,Male,Cranky,B,Education,November 25,snarrrl,K.K. D&B,Don't be afraid to show your fangs.,Cool,Active,Black,Green,wol02
Yuka,,,,Koala,Female,Snooty,B,Fashion,July 20,tsk tsk,Soulful K.K.,Beauty is in the eye of the beholder.,Cool,Elegant,Orange,Yellow,kal00
Zell,,,,Deer,Male,Smug,A,Music,June 7,pronk,K.K. Swing,Clothes totally make the mammal.,Cool,Gorgeous,Purple,Gray,der02
Zucker,,,,Octopus,Male,Lazy,A,Nature,March 8,bloop,Spring Blossoms,There's no such thing as luck.,Simple,Cute,Blue,Yellow,ocp02